Distance,Value
0,usr sbin cron CRON root CMD newsyslog X
0.0,usr sbin cron CRON root CMD newsyslog X
0.0,usr sbin cron CRON root CMD newsyslog X
0.0,usr sbin cron CRON root CMD newsyslog X
0.0,usr sbin cron CRON root CMD newsyslog X
0.0,usr sbin cron CRON root CMD newsyslog X
0.0,usr sbin cron CRON root CMD newsyslog X
0.0,usr sbin cron CRON root CMD newsyslog X
0.0,usr sbin cron CRON root CMD newsyslog X
0.0,usr sbin cron CRON root CMD newsyslog X
0.0,usr sbin cron CRON root CMD newsyslog X
0.0,usr sbin cron CRON root CMD newsyslog X
0.0,usr sbin cron CRON root CMD newsyslog X
0.0,usr sbin cron CRON root CMD newsyslog X
0.0,usr sbin cron CRON root CMD newsyslog X
0.0,usr sbin cron CRON root CMD newsyslog X
0.0,usr sbin cron CRON root CMD newsyslog X
0.0,usr sbin cron CRON root CMD newsyslog X
0.0,usr sbin cron CRON root CMD newsyslog X
0.0,usr sbin cron CRON root CMD newsyslog X
0.0,usr sbin cron CRON root CMD newsyslog X
0.0,usr sbin cron CRON root CMD newsyslog X
0.0,usr sbin cron CRON root CMD newsyslog X
0.0,usr sbin cron CRON root CMD newsyslog X
0.0,usr sbin cron CRON root CMD newsyslog X
0.0,usr sbin cron CRON root CMD newsyslog X
0.0,usr sbin cron CRON root CMD newsyslog X
0.0,usr sbin cron CRON root CMD newsyslog X
0.0,usr sbin cron CRON root CMD newsyslog X
0.0,usr sbin cron CRON root CMD newsyslog X
0.0,usr sbin cron CRON root CMD newsyslog X
0.0,usr sbin cron CRON root CMD newsyslog X
0.0,usr sbin cron CRON root CMD newsyslog X
0.0,usr sbin cron CRON root CMD newsyslog X
0.0,usr sbin cron CRON root CMD newsyslog X
0.0,usr sbin cron CRON root CMD newsyslog X
0.0,usr sbin cron CRON root CMD newsyslog X
0.0,usr sbin cron CRON root CMD newsyslog X
0.0,usr sbin cron CRON root CMD newsyslog X
0.0,usr sbin cron CRON root CMD newsyslog X
0.0,usr sbin cron CRON root CMD newsyslog X
0.0,usr sbin cron CRON root CMD newsyslog X
0.0,usr sbin cron CRON root CMD newsyslog X
0.0,usr sbin cron CRON root CMD newsyslog X
0.0,usr sbin cron CRON root CMD newsyslog X
0.0,usr sbin cron CRON root CMD newsyslog X
0.0,usr sbin cron CRON root CMD newsyslog X
0.0,usr sbin cron CRON root CMD newsyslog X
0.0,usr sbin cron CRON root CMD newsyslog X
0.0,usr sbin cron CRON root CMD newsyslog X
0.0,usr sbin cron CRON root CMD newsyslog X
0.0,usr sbin cron CRON root CMD newsyslog X
0.0,usr sbin cron CRON root CMD newsyslog X
0.0,usr sbin cron CRON root CMD newsyslog X
0.0,usr sbin cron CRON root CMD newsyslog X
0.0,usr sbin cron CRON root CMD newsyslog X
0.0,usr sbin cron CRON root CMD newsyslog X
0.0,usr sbin cron CRON root CMD newsyslog X
0.0,usr sbin cron CRON root CMD newsyslog X
0.0,usr sbin cron CRON root CMD newsyslog X
0.0,usr sbin cron CRON root CMD newsyslog X
0.0,usr sbin cron CRON root CMD newsyslog X
0.0,usr sbin cron CRON root CMD newsyslog X
0.0,usr sbin cron CRON root CMD newsyslog X
0.0,usr sbin cron CRON root CMD newsyslog X
0.0,usr sbin cron CRON root CMD newsyslog X
0.0,usr sbin cron CRON root CMD newsyslog X
0.0,usr sbin cron CRON root CMD newsyslog X
0.0,usr sbin cron CRON root CMD newsyslog X
0.0,usr sbin cron CRON root CMD newsyslog X
0.0,usr sbin cron CRON root CMD newsyslog X
0.0,usr sbin cron CRON root CMD newsyslog X
0.0,usr sbin cron CRON root CMD newsyslog X
0.0,usr sbin cron CRON root CMD newsyslog X
0.0,usr sbin cron CRON root CMD newsyslog X
0.0,usr sbin cron CRON root CMD newsyslog X
0.0,usr sbin cron CRON root CMD newsyslog X
0.0,usr sbin cron CRON root CMD newsyslog X
0.0,usr sbin cron CRON root CMD newsyslog X
0.3323579728603363,usr sbin cron CRON root CMD usr libexec atrun
0.3323579728603363,usr sbin cron CRON root CMD usr libexec atrun
0.3323579728603363,usr sbin cron CRON root CMD usr libexec atrun
0.3323579728603363,usr sbin cron CRON root CMD usr libexec atrun
0.3323579728603363,usr sbin cron CRON root CMD usr libexec atrun
0.3323579728603363,usr sbin cron CRON root CMD usr libexec atrun
0.3323579728603363,usr sbin cron CRON root CMD usr libexec atrun
0.3323579728603363,usr sbin cron CRON root CMD usr libexec atrun
0.3323579728603363,usr sbin cron CRON root CMD usr libexec atrun
0.3323579728603363,usr sbin cron CRON root CMD usr libexec atrun
0.3323579728603363,usr sbin cron CRON root CMD usr libexec atrun
0.3323579728603363,usr sbin cron CRON root CMD usr libexec atrun
0.3323579728603363,usr sbin cron CRON root CMD usr libexec atrun
0.3323579728603363,usr sbin cron CRON root CMD usr libexec atrun
0.3323579728603363,usr sbin cron CRON root CMD usr libexec atrun
0.3323579728603363,usr sbin cron CRON root CMD usr libexec atrun
0.3323579728603363,usr sbin cron CRON root CMD usr libexec atrun
0.3323579728603363,usr sbin cron CRON root CMD usr libexec atrun
0.3323579728603363,usr sbin cron CRON root CMD usr libexec atrun
0.3323579728603363,usr sbin cron CRON root CMD usr libexec atrun
0.3323579728603363,usr sbin cron CRON root CMD usr libexec atrun
0.3323579728603363,usr sbin cron CRON root CMD usr libexec atrun
0.3323579728603363,usr sbin cron CRON root CMD usr libexec atrun
0.3323579728603363,usr sbin cron CRON root CMD usr libexec atrun
0.3323579728603363,usr sbin cron CRON root CMD usr libexec atrun
0.3323579728603363,usr sbin cron CRON root CMD usr libexec atrun
0.3323579728603363,usr sbin cron CRON root CMD usr libexec atrun
0.3323579728603363,usr sbin cron CRON root CMD usr libexec atrun
0.3323579728603363,usr sbin cron CRON root CMD usr libexec atrun
0.3323579728603363,usr sbin cron CRON root CMD usr libexec atrun
0.3323579728603363,usr sbin cron CRON root CMD usr libexec atrun
0.3323579728603363,usr sbin cron CRON root CMD usr libexec atrun
0.3323579728603363,usr sbin cron CRON root CMD usr libexec atrun
0.3323579728603363,usr sbin cron CRON root CMD usr libexec atrun
0.3323579728603363,usr sbin cron CRON root CMD usr libexec atrun
0.3323579728603363,usr sbin cron CRON root CMD usr libexec atrun
0.3323579728603363,usr sbin cron CRON root CMD usr libexec atrun
0.3323579728603363,usr sbin cron CRON root CMD usr libexec atrun
0.3323579728603363,usr sbin cron CRON root CMD usr libexec atrun
0.3323579728603363,usr sbin cron CRON root CMD usr libexec atrun
0.3323579728603363,usr sbin cron CRON root CMD usr libexec atrun
0.3323579728603363,usr sbin cron CRON root CMD usr libexec atrun
0.3323579728603363,usr sbin cron CRON root CMD usr libexec atrun
0.3323579728603363,usr sbin cron CRON root CMD usr libexec atrun
0.3323579728603363,usr sbin cron CRON root CMD usr libexec atrun
0.3323579728603363,usr sbin cron CRON root CMD usr libexec atrun
0.3323579728603363,usr sbin cron CRON root CMD usr libexec atrun
0.3323579728603363,usr sbin cron CRON root CMD usr libexec atrun
0.3323579728603363,usr sbin cron CRON root CMD usr libexec atrun
0.3323579728603363,usr sbin cron CRON root CMD usr libexec atrun
0.3323579728603363,usr sbin cron CRON root CMD usr libexec atrun
0.3323579728603363,usr sbin cron CRON root CMD usr libexec atrun
0.3323579728603363,usr sbin cron CRON root CMD usr libexec atrun
0.3323579728603363,usr sbin cron CRON root CMD usr libexec atrun
0.3323579728603363,usr sbin cron CRON root CMD usr libexec atrun
0.3323579728603363,usr sbin cron CRON root CMD usr libexec atrun
0.3323579728603363,usr sbin cron CRON root CMD usr libexec atrun
0.3323579728603363,usr sbin cron CRON root CMD usr libexec atrun
0.3323579728603363,usr sbin cron CRON root CMD usr libexec atrun
0.3323579728603363,usr sbin cron CRON root CMD usr libexec atrun
0.3323579728603363,usr sbin cron CRON root CMD usr libexec atrun
0.3323579728603363,usr sbin cron CRON root CMD usr libexec atrun
0.3323579728603363,usr sbin cron CRON root CMD usr libexec atrun
0.3323579728603363,usr sbin cron CRON root CMD usr libexec atrun
0.3323579728603363,usr sbin cron CRON root CMD usr libexec atrun
0.3323579728603363,usr sbin cron CRON root CMD usr libexec atrun
0.3323579728603363,usr sbin cron CRON root CMD usr libexec atrun
0.3323579728603363,usr sbin cron CRON root CMD usr libexec atrun
0.3323579728603363,usr sbin cron CRON root CMD usr libexec atrun
0.3323579728603363,usr sbin cron CRON root CMD usr libexec atrun
0.3323579728603363,usr sbin cron CRON root CMD usr libexec atrun
0.3323579728603363,usr sbin cron CRON root CMD usr libexec atrun
0.3323579728603363,usr sbin cron CRON root CMD usr libexec atrun
0.3323579728603363,usr sbin cron CRON root CMD usr libexec atrun
0.3323579728603363,usr sbin cron CRON root CMD usr libexec atrun
0.3323579728603363,usr sbin cron CRON root CMD usr libexec atrun
0.3323579728603363,usr sbin cron CRON root CMD usr libexec atrun
0.3323579728603363,usr sbin cron CRON root CMD usr libexec atrun
0.3323579728603363,usr sbin cron CRON root CMD usr libexec atrun
0.3323579728603363,usr sbin cron CRON root CMD usr libexec atrun
0.3323579728603363,usr sbin cron CRON root CMD usr libexec atrun
0.3323579728603363,usr sbin cron CRON root CMD usr libexec atrun
0.3323579728603363,usr sbin cron CRON root CMD usr libexec atrun
0.3323579728603363,usr sbin cron CRON root CMD usr libexec atrun
0.3323579728603363,usr sbin cron CRON root CMD usr libexec atrun
0.3323579728603363,usr sbin cron CRON root CMD usr libexec atrun
0.3323579728603363,usr sbin cron CRON root CMD usr libexec atrun
0.3323579728603363,usr sbin cron CRON root CMD usr libexec atrun
0.3323579728603363,usr sbin cron CRON root CMD usr libexec atrun
0.3323579728603363,usr sbin cron CRON root CMD usr libexec atrun
0.3323579728603363,usr sbin cron CRON root CMD usr libexec atrun
0.3323579728603363,usr sbin cron CRON root CMD usr libexec atrun
0.3323579728603363,usr sbin cron CRON root CMD usr libexec atrun
0.3323579728603363,usr sbin cron CRON root CMD usr libexec atrun
0.3323579728603363,usr sbin cron CRON root CMD usr libexec atrun
0.3323579728603363,usr sbin cron CRON root CMD usr libexec atrun
0.3323579728603363,usr sbin cron CRON root CMD usr libexec atrun
0.3323579728603363,usr sbin cron CRON root CMD usr libexec atrun
0.3323579728603363,usr sbin cron CRON root CMD usr libexec atrun
0.3323579728603363,usr sbin cron CRON root CMD usr libexec atrun
0.3323579728603363,usr sbin cron CRON root CMD usr libexec atrun
0.3323579728603363,usr sbin cron CRON root CMD usr libexec atrun
0.3323579728603363,usr sbin cron CRON root CMD usr libexec atrun
0.3323579728603363,usr sbin cron CRON root CMD usr libexec atrun
0.3323579728603363,usr sbin cron CRON root CMD usr libexec atrun
0.3323579728603363,usr sbin cron CRON root CMD usr libexec atrun
0.3323579728603363,usr sbin cron CRON root CMD usr libexec atrun
0.3323579728603363,usr sbin cron CRON root CMD usr libexec atrun
0.3323579728603363,usr sbin cron CRON root CMD usr libexec atrun
0.3323579728603363,usr sbin cron CRON root CMD usr libexec atrun
0.3323579728603363,usr sbin cron CRON root CMD usr libexec atrun
0.3323579728603363,usr sbin cron CRON root CMD usr libexec atrun
0.3323579728603363,usr sbin cron CRON root CMD usr libexec atrun
0.3323579728603363,usr sbin cron CRON root CMD usr libexec atrun
0.3323579728603363,usr sbin cron CRON root CMD usr libexec atrun
0.3323579728603363,usr sbin cron CRON root CMD usr libexec atrun
0.3323579728603363,usr sbin cron CRON root CMD usr libexec atrun
0.3323579728603363,usr sbin cron CRON root CMD usr libexec atrun
0.3323579728603363,usr sbin cron CRON root CMD usr libexec atrun
0.3323579728603363,usr sbin cron CRON root CMD usr libexec atrun
0.3323579728603363,usr sbin cron CRON root CMD usr libexec atrun
0.3323579728603363,usr sbin cron CRON root CMD usr libexec atrun
0.3323579728603363,usr sbin cron CRON root CMD usr libexec atrun
0.3323579728603363,usr sbin cron CRON root CMD usr libexec atrun
0.3323579728603363,usr sbin cron CRON root CMD usr libexec atrun
0.3323579728603363,usr sbin cron CRON root CMD usr libexec atrun
0.3323579728603363,usr sbin cron CRON root CMD usr libexec atrun
0.3323579728603363,usr sbin cron CRON root CMD usr libexec atrun
0.3323579728603363,usr sbin cron CRON root CMD usr libexec atrun
0.3323579728603363,usr sbin cron CRON root CMD usr libexec atrun
0.3323579728603363,usr sbin cron CRON root CMD usr libexec atrun
0.3323579728603363,usr sbin cron CRON root CMD usr libexec atrun
0.3323579728603363,usr sbin cron CRON root CMD usr libexec atrun
0.3323579728603363,usr sbin cron CRON root CMD usr libexec atrun
0.3323579728603363,usr sbin cron CRON root CMD usr libexec atrun
0.3323579728603363,usr sbin cron CRON root CMD usr libexec atrun
0.3323579728603363,usr sbin cron CRON root CMD usr libexec atrun
0.3323579728603363,usr sbin cron CRON root CMD usr libexec atrun
0.3323579728603363,usr sbin cron CRON root CMD usr libexec atrun
0.3323579728603363,usr sbin cron CRON root CMD usr libexec atrun
0.3323579728603363,usr sbin cron CRON root CMD usr libexec atrun
0.3323579728603363,usr sbin cron CRON root CMD usr libexec atrun
0.3323579728603363,usr sbin cron CRON root CMD usr libexec atrun
0.3323579728603363,usr sbin cron CRON root CMD usr libexec atrun
0.3323579728603363,usr sbin cron CRON root CMD usr libexec atrun
0.3323579728603363,usr sbin cron CRON root CMD usr libexec atrun
0.3323579728603363,usr sbin cron CRON root CMD usr libexec atrun
0.3323579728603363,usr sbin cron CRON root CMD usr libexec atrun
0.3323579728603363,usr sbin cron CRON root CMD usr libexec atrun
0.3323579728603363,usr sbin cron CRON root CMD usr libexec atrun
0.3323579728603363,usr sbin cron CRON root CMD usr libexec atrun
0.3323579728603363,usr sbin cron CRON root CMD usr libexec atrun
0.3323579728603363,usr sbin cron CRON root CMD usr libexec atrun
0.3323579728603363,usr sbin cron CRON root CMD usr libexec atrun
0.3323579728603363,usr sbin cron CRON root CMD usr libexec atrun
0.3323579728603363,usr sbin cron CRON root CMD usr libexec atrun
0.3323579728603363,usr sbin cron CRON root CMD usr libexec atrun
0.3323579728603363,usr sbin cron CRON root CMD usr libexec atrun
0.3323579728603363,usr sbin cron CRON root CMD usr libexec atrun
0.3323579728603363,usr sbin cron CRON root CMD usr libexec atrun
0.3323579728603363,usr sbin cron CRON root CMD usr libexec atrun
0.3323579728603363,usr sbin cron CRON root CMD usr libexec atrun
0.3323579728603363,usr sbin cron CRON root CMD usr libexec atrun
0.3323579728603363,usr sbin cron CRON root CMD usr libexec atrun
0.3323579728603363,usr sbin cron CRON root CMD usr libexec atrun
0.3323579728603363,usr sbin cron CRON root CMD usr libexec atrun
0.3323579728603363,usr sbin cron CRON root CMD usr libexec atrun
0.3323579728603363,usr sbin cron CRON root CMD usr libexec atrun
0.3323579728603363,usr sbin cron CRON root CMD usr libexec atrun
0.3323579728603363,usr sbin cron CRON root CMD usr libexec atrun
0.3323579728603363,usr sbin cron CRON root CMD usr libexec atrun
0.3323579728603363,usr sbin cron CRON root CMD usr libexec atrun
0.3323579728603363,usr sbin cron CRON root CMD usr libexec atrun
0.3323579728603363,usr sbin cron CRON root CMD usr libexec atrun
0.3323579728603363,usr sbin cron CRON root CMD usr libexec atrun
0.3323579728603363,usr sbin cron CRON root CMD usr libexec atrun
0.3323579728603363,usr sbin cron CRON root CMD usr libexec atrun
0.3323579728603363,usr sbin cron CRON root CMD usr libexec atrun
0.3323579728603363,usr sbin cron CRON root CMD usr libexec atrun
0.3323579728603363,usr sbin cron CRON root CMD usr libexec atrun
0.3323579728603363,usr sbin cron CRON root CMD usr libexec atrun
0.3323579728603363,usr sbin cron CRON root CMD usr libexec atrun
0.3323579728603363,usr sbin cron CRON root CMD usr libexec atrun
0.3323579728603363,usr sbin cron CRON root CMD usr libexec atrun
0.3323579728603363,usr sbin cron CRON root CMD usr libexec atrun
0.3323579728603363,usr sbin cron CRON root CMD usr libexec atrun
0.3323579728603363,usr sbin cron CRON root CMD usr libexec atrun
0.3323579728603363,usr sbin cron CRON root CMD usr libexec atrun
0.3323579728603363,usr sbin cron CRON root CMD usr libexec atrun
0.3323579728603363,usr sbin cron CRON root CMD usr libexec atrun
0.3323579728603363,usr sbin cron CRON root CMD usr libexec atrun
0.3323579728603363,usr sbin cron CRON root CMD usr libexec atrun
0.3323579728603363,usr sbin cron CRON root CMD usr libexec atrun
0.3323579728603363,usr sbin cron CRON root CMD usr libexec atrun
0.3323579728603363,usr sbin cron CRON root CMD usr libexec atrun
0.3323579728603363,usr sbin cron CRON root CMD usr libexec atrun
0.3323579728603363,usr sbin cron CRON root CMD usr libexec atrun
0.3323579728603363,usr sbin cron CRON root CMD usr libexec atrun
0.3323579728603363,usr sbin cron CRON root CMD usr libexec atrun
0.3323579728603363,usr sbin cron CRON root CMD usr libexec atrun
0.3323579728603363,usr sbin cron CRON root CMD usr libexec atrun
0.3323579728603363,usr sbin cron CRON root CMD usr libexec atrun
0.3323579728603363,usr sbin cron CRON root CMD usr libexec atrun
0.3323579728603363,usr sbin cron CRON root CMD usr libexec atrun
0.3323579728603363,usr sbin cron CRON root CMD usr libexec atrun
0.3323579728603363,usr sbin cron CRON root CMD usr libexec atrun
0.3323579728603363,usr sbin cron CRON root CMD usr libexec atrun
0.3323579728603363,usr sbin cron CRON root CMD usr libexec atrun
0.3323579728603363,usr sbin cron CRON root CMD usr libexec atrun
0.3323579728603363,usr sbin cron CRON root CMD usr libexec atrun
0.3323579728603363,usr sbin cron CRON root CMD usr libexec atrun
0.3323579728603363,usr sbin cron CRON root CMD usr libexec atrun
0.3323579728603363,usr sbin cron CRON root CMD usr libexec atrun
0.3323579728603363,usr sbin cron CRON root CMD usr libexec atrun
0.3323579728603363,usr sbin cron CRON root CMD usr libexec atrun
0.3323579728603363,usr sbin cron CRON root CMD usr libexec atrun
0.3323579728603363,usr sbin cron CRON root CMD usr libexec atrun
0.3323579728603363,usr sbin cron CRON root CMD usr libexec atrun
0.3323579728603363,usr sbin cron CRON root CMD usr libexec atrun
0.3323579728603363,usr sbin cron CRON root CMD usr libexec atrun
0.3323579728603363,usr sbin cron CRON root CMD usr libexec atrun
0.3323579728603363,usr sbin cron CRON root CMD usr libexec atrun
0.3323579728603363,usr sbin cron CRON root CMD usr libexec atrun
0.3323579728603363,usr sbin cron CRON root CMD usr libexec atrun
0.3323579728603363,usr sbin cron CRON root CMD usr libexec atrun
0.3323579728603363,usr sbin cron CRON root CMD usr libexec atrun
0.3323579728603363,usr sbin cron CRON root CMD usr libexec atrun
0.3323579728603363,usr sbin cron CRON root CMD usr libexec atrun
0.3323579728603363,usr sbin cron CRON root CMD usr libexec atrun
0.3323579728603363,usr sbin cron CRON root CMD usr libexec atrun
0.3323579728603363,usr sbin cron CRON root CMD usr libexec atrun
0.3323579728603363,usr sbin cron CRON root CMD usr libexec atrun
0.3323579728603363,usr sbin cron CRON root CMD usr libexec atrun
0.3323579728603363,usr sbin cron CRON root CMD usr libexec atrun
0.3323579728603363,usr sbin cron CRON root CMD usr libexec atrun
0.3323579728603363,usr sbin cron CRON root CMD usr libexec atrun
0.3323579728603363,usr sbin cron CRON root CMD usr libexec atrun
0.3323579728603363,usr sbin cron CRON root CMD usr libexec atrun
0.3323579728603363,usr sbin cron CRON root CMD usr libexec atrun
0.3323579728603363,usr sbin cron CRON root CMD usr libexec atrun
0.3323579728603363,usr sbin cron CRON root CMD usr libexec atrun
0.3323579728603363,usr sbin cron CRON root CMD usr libexec atrun
0.3323579728603363,usr sbin cron CRON root CMD usr libexec atrun
0.3323579728603363,usr sbin cron CRON root CMD usr libexec atrun
0.3323579728603363,usr sbin cron CRON root CMD usr libexec atrun
0.3323579728603363,usr sbin cron CRON root CMD usr libexec atrun
0.3323579728603363,usr sbin cron CRON root CMD usr libexec atrun
0.3323579728603363,usr sbin cron CRON root CMD usr libexec atrun
0.3323579728603363,usr sbin cron CRON root CMD usr libexec atrun
0.3323579728603363,usr sbin cron CRON root CMD usr libexec atrun
0.3323579728603363,usr sbin cron CRON root CMD usr libexec atrun
0.3323579728603363,usr sbin cron CRON root CMD usr libexec atrun
0.3323579728603363,usr sbin cron CRON root CMD usr libexec atrun
0.3323579728603363,usr sbin cron CRON root CMD usr libexec atrun
0.3323579728603363,usr sbin cron CRON root CMD usr libexec atrun
0.3323579728603363,usr sbin cron CRON root CMD usr libexec atrun
0.3323579728603363,usr sbin cron CRON root CMD usr libexec atrun
0.3323579728603363,usr sbin cron CRON root CMD usr libexec atrun
0.3323579728603363,usr sbin cron CRON root CMD usr libexec atrun
0.3323579728603363,usr sbin cron CRON root CMD usr libexec atrun
0.62510746717453,usr sbin cron CRON root CMD adjkerntz a
0.62510746717453,usr sbin cron CRON root CMD adjkerntz a
0.62510746717453,usr sbin cron CRON root CMD adjkerntz a
0.62510746717453,usr sbin cron CRON root CMD adjkerntz a
0.62510746717453,usr sbin cron CRON root CMD adjkerntz a
0.62510746717453,usr sbin cron CRON root CMD adjkerntz a
0.62510746717453,usr sbin cron CRON root CMD adjkerntz a
0.62510746717453,usr sbin cron CRON root CMD adjkerntz a
0.62510746717453,usr sbin cron CRON root CMD adjkerntz a
0.62510746717453,usr sbin cron CRON root CMD adjkerntz a
0.62510746717453,usr sbin cron CRON root CMD adjkerntz a
0.62510746717453,usr sbin cron CRON root CMD adjkerntz a
0.7161999940872192,usr sbin cron CRON root CMD usr sbin check support l
